City_ID,City,Country,Date,Lat,Lng,Max Temp,Humidity,Cloudiness,Wind Speed
0,Hovd,MN,2021-05-21 16:39:50,48.0056,91.6419,275.77,45,97,0.37
1,Mvangue,CM,2021-05-21 16:39:51,2.9667,11.5167,295.88,96,99,0.9
2,Aksarka,RU,2021-05-21 16:39:51,66.5606,67.7975,294.23,52,24,3.63
3,Nikolskoye,RU,2021-05-21 16:39:52,59.7035,30.7861,285.04,89,97,4.56
4,Sisimiut,GL,2021-05-21 16:39:53,66.9395,-53.6735,274.85,70,100,11.68
5,Vaini,TO,2021-05-21 16:39:53,-21.2,-175.2,299.24,89,75,6.17
6,Torbay,CA,2021-05-21 16:39:54,47.6666,-52.7314,293.98,45,40,10.8
7,Bria,CF,2021-05-21 16:39:54,6.5423,21.9863,297.2,71,79,0.64
8,Hithadhoo,MV,2021-05-21 16:39:55,-0.6,73.0833,302.06,71,25,2.36
9,Fortuna,US,2021-05-21 16:37:13,40.5982,-124.1573,286.75,64,1,3.13
10,Mataura,NZ,2021-05-21 16:39:56,-46.1927,168.8643,276.09,92,54,1.27
11,Hermanus,ZA,2021-05-21 16:39:56,-34.4187,19.2345,286.98,68,59,4.37
12,Kapaa,US,2021-05-21 16:39:57,22.0752,-159.319,296.33,76,75,0.89
13,Albany,US,2021-05-21 16:35:43,42.6001,-73.9662,301.12,43,86,0.89
14,Cape Town,ZA,2021-05-21 16:36:33,-33.9258,18.4232,287.38,79,40,0.45
15,Clyde River,CA,2021-05-21 16:39:59,70.4692,-68.5914,267.28,68,75,4.63
16,Punta Arenas,CL,2021-05-21 16:39:59,-53.15,-70.9167,282.21,83,75,1.37
17,Trinidad,BO,2021-05-21 16:40:00,-14.8333,-64.9,304.14,66,75,7.72
18,Lavrentiya,RU,2021-05-21 16:40:00,65.5833,-171.0,273.29,99,100,3.03
19,Nome,US,2021-05-21 16:40:01,64.5011,-165.4064,277.19,93,90,2.57
20,Chokurdakh,RU,2021-05-21 16:40:04,70.6333,147.9167,267.24,98,97,1.47
21,Kruglolesskoye,RU,2021-05-21 16:40:04,44.6589,42.8142,301.2,72,26,0.59
22,Ushuaia,AR,2021-05-21 16:35:32,-54.8,-68.3,277.96,93,75,1.54
23,Barrow,US,2021-05-21 16:40:05,71.2906,-156.7887,271.16,86,90,6.69
24,Deputatskiy,RU,2021-05-21 16:40:06,69.3,139.9,266.55,98,98,1.08
25,Jamestown,US,2021-05-21 16:30:44,42.097,-79.2353,302.77,44,1,4.12
26,Mehamn,NO,2021-05-21 16:40:07,71.0357,27.8492,276.25,73,100,7.32
27,Hilo,US,2021-05-21 16:37:06,19.7297,-155.09,294.15,94,90,3.09
28,Bang Saphan,TH,2021-05-21 16:40:08,11.2126,99.5117,303.12,88,100,3.36
29,Takoradi,GH,2021-05-21 16:40:08,4.8845,-1.7554,300.55,79,100,6.46
30,Shepsi,RU,2021-05-21 16:40:09,44.0361,39.1489,292.16,82,11,2.82
31,Flinders,AU,2021-05-21 16:40:09,-34.5833,150.8552,283.26,84,0,0.45
32,Kidal,ML,2021-05-21 16:40:10,18.4411,1.4078,314.52,11,36,2.08
33,Avarua,CK,2021-05-21 16:40:10,-21.2078,-159.775,297.18,73,40,3.6
34,Richards Bay,ZA,2021-05-21 16:40:11,-28.783,32.0377,294.75,46,100,5.0
35,Dikson,RU,2021-05-21 16:40:12,73.5069,80.5464,269.1,89,100,3.25
36,Bilma,NE,2021-05-21 16:40:12,18.6853,12.9164,311.14,6,0,1.28
37,Bom Jesus,BR,2021-05-21 16:40:13,-9.0744,-44.3586,309.76,25,16,2.85
38,Sorong,ID,2021-05-21 16:40:13,-0.8833,131.25,298.61,88,100,2.81
39,Busselton,AU,2021-05-21 16:40:14,-33.65,115.3333,286.51,81,100,1.16
40,Alofi,NU,2021-05-21 16:40:15,-19.0595,-169.9187,296.09,100,100,4.63
41,Saint-Philippe,RE,2021-05-21 16:41:16,-21.3585,55.7679,295.9,74,75,6.87
42,Nsanje,MW,2021-05-21 16:41:16,-16.92,35.262,296.07,46,1,1.58
43,Farafangana,MG,2021-05-21 16:41:17,-22.8167,47.8333,294.98,58,35,2.61
44,Vila,PT,2021-05-21 16:41:18,42.0304,-8.1588,287.45,61,100,3.49
45,Quelimane,MZ,2021-05-21 16:41:18,-17.8786,36.8883,301.12,65,40,4.12
46,Ikovka,RU,2021-05-21 16:41:19,55.6089,64.9375,291.86,46,2,2.75
47,Fare,PF,2021-05-21 16:41:19,-16.7,-151.0167,300.56,74,8,6.35
48,Cap Malheureux,MU,2021-05-21 16:41:20,-19.9842,57.6142,296.42,73,75,2.68
49,Khanpur,PK,2021-05-21 16:41:20,28.6453,70.6567,308.61,17,0,4.23
50,Morehead,US,2021-05-21 16:41:21,37.2711,-87.1764,300.34,41,1,1.34
51,New Ulm,US,2021-05-21 16:41:22,44.3125,-94.4605,297.75,83,75,3.09
52,Tiksi,RU,2021-05-21 16:33:42,71.6872,128.8694,269.02,97,99,2.01
53,Tilichiki,RU,2021-05-21 16:41:22,60.4667,166.1,269.2,93,100,3.21
54,Canon City,US,2021-05-21 16:41:23,38.441,-105.2424,298.4,29,1,0.45
55,Porosozero,RU,2021-05-21 16:41:23,62.7191,32.727,282.83,77,96,5.3
56,Provideniya,RU,2021-05-21 16:41:24,64.3833,-173.3,274.61,78,97,1.98
57,Maneromango,TZ,2021-05-21 16:41:24,-7.1988,38.7848,297.01,85,84,2.54
58,Marzuq,YE,2021-05-21 16:41:25,14.4,46.4667,300.63,55,24,4.44
59,Beringovskiy,RU,2021-05-21 16:41:26,63.05,179.3167,271.62,96,93,3.01
60,Bremervorde,DE,2021-05-21 16:41:27,53.4833,9.1333,286.2,77,31,6.56
61,Pangnirtung,CA,2021-05-21 16:41:27,66.1451,-65.7125,268.15,68,75,6.69
62,Portland,US,2021-05-21 16:38:45,45.5234,-122.6762,285.45,80,90,0.45
63,Ancud,CL,2021-05-21 16:41:28,-41.8697,-73.8203,286.72,80,85,5.86
64,Mineiros,BR,2021-05-21 16:38:15,-17.5694,-52.5511,303.13,31,29,4.81
65,Kodiak,US,2021-05-21 16:41:29,57.79,-152.4072,278.88,87,90,5.14
66,Tasiilaq,GL,2021-05-21 16:41:30,65.6145,-37.6368,274.24,69,100,6.26
67,Rikitea,PF,2021-05-21 16:41:30,-23.1203,-134.9692,297.72,54,91,2.89
68,Sitka,US,2021-05-21 16:41:11,57.0531,-135.33,285.09,54,90,7.2
69,Chifeng,CN,2021-05-21 16:41:31,42.2683,118.9636,294.13,40,45,3.82
70,Port Elizabeth,ZA,2021-05-21 16:41:32,-33.918,25.5701,287.31,67,0,10.8
71,Puerto Penasco,MX,2021-05-21 16:41:32,31.3167,-113.5333,298.1,14,3,2.68
72,Matagami,CA,2021-05-21 16:41:33,49.7502,-77.6328,293.21,81,90,3.2
73,Hofn,IS,2021-05-21 16:41:33,64.2539,-15.2082,277.16,56,75,4.12
74,Buraydah,SA,2021-05-21 16:41:34,26.326,43.975,313.4,6,52,6.43
75,Yellowknife,CA,2021-05-21 16:37:46,62.456,-114.3525,282.77,39,20,1.79
76,Maceio,BR,2021-05-21 16:41:35,-9.6658,-35.7353,300.84,74,75,4.16
77,Asyut,EG,2021-05-21 16:41:35,27.181,31.1837,306.36,11,0,6.07
78,Sechura,PE,2021-05-21 16:41:36,-5.5569,-80.8222,297.66,62,24,4.8
79,Mar Del Plata,AR,2021-05-21 16:41:36,-38.0023,-57.5575,290.16,46,75,7.6
80,Novikovo,RU,2021-05-21 16:41:37,51.1537,37.8879,285.95,83,97,2.91
81,Arraial Do Cabo,BR,2021-05-21 16:41:37,-22.9661,-42.0278,300.13,73,0,2.57
82,Luderitz,NA,2021-05-21 16:41:38,-26.6481,15.1594,290.02,58,27,9.57
83,Byron Bay,AU,2021-05-21 16:41:38,-28.65,153.6167,290.12,79,54,3.83
84,Airai,TL,2021-05-21 16:41:39,-8.9266,125.4092,287.82,93,100,1.26
85,East London,ZA,2021-05-21 16:41:40,-33.0153,27.9116,287.67,62,0,5.14
86,Samarai,PG,2021-05-21 16:41:40,-10.6167,150.6667,299.53,82,100,6.49
87,Port-Gentil,GA,2021-05-21 16:42:41,-0.7193,8.7815,300.13,89,40,4.63
88,Broken Hill,AU,2021-05-21 16:42:41,-31.95,141.4333,282.99,50,100,3.6
89,Ponta Do Sol,PT,2021-05-21 16:42:42,32.6667,-17.1,298.22,51,8,3.19
90,Winkler,CA,2021-05-21 16:42:43,49.1817,-97.941,284.55,90,100,2.97
91,Port Alfred,ZA,2021-05-21 16:42:43,-33.5906,26.891,288.4,67,48,10.39
92,Butaritari,KI,2021-05-21 16:42:44,3.0707,172.7902,300.18,85,100,7.53
93,Narsaq,GL,2021-05-21 16:42:44,60.9167,-46.05,275.27,91,100,8.38
94,Cayenne,GF,2021-05-21 16:42:05,4.9333,-52.3333,298.17,75,90,4.94
95,Enumclaw,US,2021-05-21 16:42:46,47.2043,-121.9915,284.01,91,68,0.45
96,Cap-Aux-Meules,CA,2021-05-21 16:42:46,47.3821,-61.8597,290.18,55,40,7.2
97,Lompoc,US,2021-05-21 16:40:01,34.6391,-120.4579,291.24,78,90,4.63
98,Newport,GB,2021-05-21 16:41:23,51.5877,-2.9984,285.83,88,100,9.29
99,Sokolo,ML,2021-05-21 16:42:47,14.7328,-6.1219,314.96,12,4,3.67
100,Khrebtovaya,RU,2021-05-21 16:42:48,56.7032,104.2494,274.03,45,88,1.78
101,Necochea,AR,2021-05-21 16:40:24,-38.5473,-58.7368,289.84,71,100,7.69
102,Nizhniy Tsasuchey,RU,2021-05-21 16:42:49,50.5167,115.1333,277.88,66,100,8.16
103,Codrington,AU,2021-05-21 16:42:49,-38.2667,141.9667,282.72,75,30,4.15
104,Voh,NC,2021-05-21 16:42:50,-20.9667,164.7,292.21,80,18,2.43
105,College,US,2021-05-21 16:41:31,64.8569,-147.8028,284.37,57,90,0.0
106,Santa Pola,ES,2021-05-21 16:42:51,38.1917,-0.5658,302.57,75,0,3.13
107,Nantucket,US,2021-05-21 16:33:45,41.2835,-70.0995,295.35,81,56,3.9
108,Khatanga,RU,2021-05-21 16:42:52,71.9667,102.5,264.61,94,91,1.65
109,Gawler,AU,2021-05-21 16:42:52,-34.6,138.7333,291.68,39,83,2.76
110,Lebu,CL,2021-05-21 16:42:53,-37.6167,-73.65,285.54,78,96,4.73
111,Kamenka,RU,2021-05-21 16:42:53,51.3223,42.7678,291.2,77,100,3.39
112,Atuona,PF,2021-05-21 16:42:54,-9.8,-139.0333,299.67,78,36,7.94
113,Kununurra,AU,2021-05-21 16:42:54,-15.7667,128.7333,293.14,83,3,0.0
114,Eyl,SO,2021-05-21 16:42:55,7.9803,49.8164,300.52,76,99,10.77
115,Severo-Kurilsk,RU,2021-05-21 16:42:55,50.6789,156.125,274.99,91,88,9.37
116,Te Anau,NZ,2021-05-21 16:42:56,-45.4167,167.7167,277.36,90,72,0.47
117,Hobart,AU,2021-05-21 16:42:56,-42.8794,147.3294,281.44,84,11,0.45
118,Pizarro,CO,2021-05-21 16:42:57,4.9533,-77.366,301.39,79,93,3.39
119,Fairbanks,US,2021-05-21 16:40:19,64.8378,-147.7164,284.38,59,75,0.0
120,Hamilton,US,2021-05-21 16:42:58,39.1834,-84.5333,302.46,51,1,0.45
121,Bethel,US,2021-05-21 16:42:58,41.3712,-73.414,298.26,38,1,4.63
122,Baruun-Urt,MN,2021-05-21 16:42:59,46.6806,113.2792,286.76,58,76,7.13
123,Teya,RU,2021-05-21 16:42:59,60.3778,92.6267,276.69,70,92,0.72
124,Batemans Bay,AU,2021-05-21 16:43:00,-35.7167,150.1833,282.54,92,15,2.13
125,Leningradskiy,RU,2021-05-21 16:43:00,69.3833,178.4167,269.84,94,32,0.57
126,Labuhan,ID,2021-05-21 16:43:01,-6.8844,112.2051,298.96,85,82,1.94
127,Tuktoyaktuk,CA,2021-05-21 16:43:02,69.4541,-133.0374,276.15,65,1,5.66
128,Georgetown,MY,2021-05-21 16:38:17,5.4112,100.3354,299.76,90,20,1.34
129,Longyearbyen,SJ,2021-05-21 16:39:49,78.2186,15.6401,269.06,74,75,3.6
130,Pathein,MM,2021-05-21 16:43:03,16.7833,94.7333,300.31,79,100,2.52
131,Nidadavole,IN,2021-05-21 16:43:03,16.9167,81.6667,300.32,87,100,1.82
132,Bredasdorp,ZA,2021-05-21 16:43:04,-34.5322,20.0403,286.08,75,37,2.53
133,Pevek,RU,2021-05-21 16:43:05,69.7008,170.3133,268.85,93,96,0.86
134,Port Blair,IN,2021-05-21 16:43:05,11.6667,92.75,299.66,87,100,8.46
135,Thompson,CA,2021-05-21 16:44:06,55.7435,-97.8558,276.24,52,75,4.12
136,Jurm,AF,2021-05-21 16:44:06,36.8648,70.8342,287.98,63,77,0.56
137,Cabo San Lucas,MX,2021-05-21 16:44:07,22.8909,-109.9124,305.66,50,20,2.06
138,Constitucion,CL,2021-05-21 16:44:07,-35.3333,-72.4167,287.07,64,7,2.59
139,Iqaluit,CA,2021-05-21 16:41:11,63.7506,-68.5145,269.0,62,75,6.71
140,Saint-Francois,FR,2021-05-21 16:44:08,46.4154,3.9054,284.92,93,100,1.54
141,Cairns,AU,2021-05-21 16:44:09,-16.9167,145.7667,295.12,90,75,4.63
142,Paranaiba,BR,2021-05-21 16:44:09,-19.6772,-51.1908,306.99,23,26,3.29
143,Vila Velha,BR,2021-05-21 16:44:10,-20.3297,-40.2925,302.12,65,0,5.36
144,Lazaro Cardenas,MX,2021-05-21 16:41:34,17.9583,-102.2,302.92,41,2,2.68
145,Aswan,EG,2021-05-21 16:44:11,24.0934,32.907,307.69,9,0,4.49
146,Bubaque,GW,2021-05-21 16:44:11,11.2833,-15.8333,299.58,77,44,5.72
147,Bluff,NZ,2021-05-21 16:44:12,-46.6,168.3333,282.93,74,98,9.8
148,Aksu,CN,2021-05-21 16:44:12,41.1231,80.2644,294.61,16,0,4.53
149,Slave Lake,CA,2021-05-21 16:44:13,55.2834,-114.769,282.14,43,1,0.0
150,Norman Wells,CA,2021-05-21 16:44:14,65.282,-126.8329,283.17,50,20,5.14
151,Asau,RO,2021-05-21 16:44:14,46.4333,26.4,291.9,80,55,0.97
152,Aden,YE,2021-05-21 16:44:15,12.7794,45.0367,303.65,74,28,3.65
153,Castro,BR,2021-05-21 16:44:16,-24.7911,-50.0119,295.92,45,74,4.96
154,Puerto Asis,CO,2021-05-21 16:44:16,0.5133,-76.5007,304.46,70,70,0.79
155,New Norfolk,AU,2021-05-21 16:44:17,-42.7826,147.0587,281.25,75,18,1.37
156,Ribeira Grande,PT,2021-05-21 16:44:17,38.5167,-28.7,290.37,59,20,5.66
157,Leninsk,RU,2021-05-21 16:44:18,48.7119,45.1994,301.07,32,46,8.52
158,San Jose,US,2021-05-21 16:44:19,37.3394,-121.895,291.36,54,20,0.89
159,Kochinda,IN,2021-05-21 16:44:19,21.7333,84.35,301.01,73,55,4.07
160,Puerto Ayora,EC,2021-05-21 16:44:20,-0.7393,-90.3518,302.13,88,40,4.02
161,Bay Roberts,CA,2021-05-21 16:42:51,47.5999,-53.2648,294.95,55,36,7.01
162,Banda Aceh,ID,2021-05-21 16:44:21,5.5577,95.3222,300.55,79,100,4.67
163,Ormara,PK,2021-05-21 16:44:22,25.2088,64.6357,303.12,75,0,6.39
164,Rujewa,TZ,2021-05-21 16:44:23,-8.7,34.3833,293.37,61,6,4.62
165,Adrar,MR,2021-05-21 16:44:23,20.5022,-10.0711,313.71,10,34,2.77
166,Wum,CM,2021-05-21 16:44:24,6.3833,10.0667,295.13,90,56,0.58
167,Guerrero Negro,MX,2021-05-21 16:44:24,27.9769,-114.0611,291.83,57,92,8.6
168,Srednekolymsk,RU,2021-05-21 16:44:25,67.45,153.6833,272.87,95,99,1.98
169,Walvis Bay,NA,2021-05-21 16:44:25,-22.9575,14.5053,296.68,59,1,9.17
170,Ranong,TH,2021-05-21 16:44:26,9.9658,98.6348,300.49,82,100,5.34
171,Victoria,HK,2021-05-21 16:40:26,22.2855,114.1577,303.89,85,86,0.45
172,Pacific Grove,US,2021-05-21 16:44:13,36.6177,-121.9166,290.26,80,40,2.68
173,Ballina,AU,2021-05-21 16:43:22,-28.8667,153.5667,288.13,88,75,3.6
174,Andrieseni,RO,2021-05-21 16:44:27,47.5333,27.2833,293.47,65,64,1.24
175,Lagoa,PT,2021-05-21 16:44:28,39.05,-27.9833,288.35,59,100,4.68
176,Barahona,DO,2021-05-21 16:44:29,18.2085,-71.1008,304.05,58,75,6.69
177,Tomatlan,MX,2021-05-21 16:44:29,19.9333,-105.25,302.7,41,71,3.02
178,Svetlogorsk,BY,2021-05-21 16:45:30,52.6333,29.7333,285.15,75,63,2.62
179,Rabo De Peixe,PT,2021-05-21 16:42:08,37.8,-25.5833,290.88,59,40,4.74
180,Itarema,BR,2021-05-21 16:45:31,-2.9248,-39.9167,302.58,65,46,6.38
181,Leh,IN,2021-05-21 16:45:31,34.1667,77.5833,280.62,33,39,2.8
182,Belle Glade,US,2021-05-21 16:45:32,26.6845,-80.6676,302.58,48,58,8.96
183,Aldan,RU,2021-05-21 16:45:32,58.6031,125.3894,271.22,84,97,0.72
184,Burnie,AU,2021-05-21 16:45:33,-41.0667,145.9167,282.01,90,23,1.72
185,Zhangjiakou,CN,2021-05-21 16:45:33,40.81,114.8794,291.91,50,23,1.45
186,Talnakh,RU,2021-05-21 16:45:34,69.4865,88.3972,271.57,94,100,4.61
187,Manjacaze,MZ,2021-05-21 16:45:34,-24.7117,33.8828,295.0,83,1,5.2
188,Paamiut,GL,2021-05-21 16:45:35,61.994,-49.6678,273.12,96,100,9.39
189,Kabalo,CD,2021-05-21 16:45:36,-6.05,26.9167,299.03,55,6,1.98
190,Nuevo Progreso,MX,2021-05-21 16:45:36,23.1667,-97.95,304.01,56,6,4.44
191,Yerbogachen,RU,2021-05-21 16:45:37,61.2767,108.0108,276.55,73,92,0.11
192,Ngaoundere,CM,2021-05-21 16:45:37,7.3167,13.5833,291.92,97,98,1.94
193,Mikhaylovka,RU,2021-05-21 16:45:38,50.06,43.2379,293.95,65,100,0.45
194,Kholtoson,RU,2021-05-21 16:45:39,50.2981,103.3097,272.65,82,100,3.54
195,Aykhal,RU,2021-05-21 16:45:39,66.0,111.5,267.3,93,84,1.27
196,Saldanha,ZA,2021-05-21 16:45:40,-33.0117,17.9442,288.18,67,37,2.79
197,Oranjemund,NA,2021-05-21 16:45:40,-28.55,16.4333,288.35,70,29,6.66
198,Lac Du Bonnet,CA,2021-05-21 16:45:41,50.2536,-96.0612,284.59,76,100,3.41
199,Bechem,GH,2021-05-21 16:45:41,7.0903,-2.025,299.53,80,74,2.1
200,Sussex,US,2021-05-21 16:45:42,41.1834,-74.6663,303.29,43,1,3.09
201,Tadine,NC,2021-05-21 16:45:43,-21.55,167.8833,294.36,76,40,5.56
202,Mayo,US,2021-05-21 16:45:43,38.8876,-76.5119,302.25,41,8,0.89
203,Hay River,CA,2021-05-21 16:45:09,60.8156,-115.7999,285.14,47,20,1.54
204,Kavieng,PG,2021-05-21 16:45:44,-2.5744,150.7967,300.87,80,85,3.69
205,Erzin,TR,2021-05-21 16:45:45,36.9559,36.2,298.55,57,4,2.61
206,Bathsheba,BB,2021-05-21 16:45:45,13.2167,-59.5167,304.49,69,40,8.56
207,Nador,MA,2021-05-21 16:45:46,35.174,-2.9287,299.19,63,0,2.7
208,Saskylakh,RU,2021-05-21 16:45:46,71.9167,114.0833,259.82,100,65,1.2
209,Tokmak,UA,2021-05-21 16:45:47,47.2514,35.7058,289.49,69,100,6.32
210,Chuy,UY,2021-05-21 16:45:47,-33.6971,-53.4616,290.78,76,100,7.1
211,Port Hardy,CA,2021-05-21 16:45:25,50.6996,-127.4199,282.25,87,90,1.54
212,Bambous Virieux,MU,2021-05-21 16:45:48,-20.3428,57.7575,296.29,70,75,9.41
213,Talaya,RU,2021-05-21 16:45:49,61.3833,152.75,272.27,82,63,1.41
214,Moose Factory,CA,2021-05-21 16:45:49,51.2585,-80.6094,281.15,87,90,4.63
215,Muros,ES,2021-05-21 16:45:50,42.7762,-9.0603,290.75,65,91,4.8
216,Evensk,RU,2021-05-21 16:45:50,61.95,159.2333,273.08,86,89,2.86
217,Hokitika,NZ,2021-05-21 16:45:51,-42.7167,170.9667,282.23,85,4,2.37
218,Southbridge,US,2021-05-21 16:45:52,42.0751,-72.0334,299.45,58,87,0.45
219,Talcahuano,CL,2021-05-21 16:44:07,-36.7167,-73.1167,286.97,77,40,4.63
220,Iralaya,HN,2021-05-21 16:45:52,15.0,-83.2333,301.14,78,95,6.02
221,Half Moon Bay,US,2021-05-21 16:45:53,37.4636,-122.4286,291.27,75,1,6.62
222,Qaanaaq,GL,2021-05-21 16:45:53,77.484,-69.3632,271.33,72,10,1.91
223,Dingle,PH,2021-05-21 16:45:54,10.9995,122.6711,298.22,90,99,1.04
224,Fallon,US,2021-05-21 16:45:55,39.4735,-118.7774,280.08,57,90,7.72
225,Srandakan,ID,2021-05-21 16:45:55,-7.9386,110.2506,298.26,89,45,1.82
226,Paredon,MX,2021-05-21 16:46:14,16.0333,-93.8667,305.36,52,63,2.14
227,Fort Nelson,CA,2021-05-21 16:45:09,58.8053,-122.7002,285.92,50,20,2.06
228,Cherskiy,RU,2021-05-21 16:46:57,68.75,161.3,272.62,90,100,4.76
229,Inongo,CD,2021-05-21 16:46:57,-1.95,18.2667,297.39,82,55,4.12
230,Bara,NG,2021-05-21 16:46:58,10.3744,10.7288,309.59,29,32,3.68
231,Qasigiannguit,GL,2021-05-21 16:46:58,68.8193,-51.1922,274.29,80,95,2.18
232,Esperance,AU,2021-05-21 16:46:59,-33.8667,121.9,288.06,80,90,3.68
233,Hualmay,PE,2021-05-21 16:46:59,-11.0964,-77.6139,293.42,73,34,5.15
234,Ucluelet,CA,2021-05-21 16:46:51,48.9329,-125.5528,284.31,84,18,1.6
235,Georgiyevka,KZ,2021-05-21 16:47:00,43.0369,74.7114,292.17,54,0,3.27
236,Mordovo,RU,2021-05-21 16:47:01,52.0834,40.77,286.3,90,100,5.52
237,Taunggyi,MM,2021-05-21 16:47:02,20.7833,97.0333,294.87,60,55,2.01
238,Henties Bay,NA,2021-05-21 16:47:03,-22.116,14.2845,291.4,75,0,4.39
239,Kruisfontein,ZA,2021-05-21 16:47:03,-34.0033,24.7314,285.31,76,27,7.23
240,Chishtian Mandi,PK,2021-05-21 16:47:04,29.8,72.8667,301.99,43,4,7.16
241,Liverpool,GB,2021-05-21 16:32:52,53.4106,-2.9779,286.09,81,100,3.13
242,Upernavik,GL,2021-05-21 16:47:05,72.7868,-56.1549,270.91,81,99,5.48
243,Westport,US,2021-05-21 16:46:06,41.1415,-73.3579,298.32,48,20,0.45
244,Great Falls,US,2021-05-21 16:47:05,47.5002,-111.3008,272.92,84,90,2.57
245,Lubao,PH,2021-05-21 16:47:06,14.9167,120.55,303.16,81,57,0.59
246,Erenhot,CN,2021-05-21 16:47:06,43.6475,111.9767,296.08,14,49,7.53
247,Barra Do Garcas,BR,2021-05-21 16:47:07,-15.89,-52.2567,305.95,35,45,2.37
248,Quatre Cocos,MU,2021-05-21 16:47:08,-20.2078,57.7625,296.21,71,92,9.28
249,Verkhoyansk,RU,2021-05-21 16:47:08,67.5447,133.385,273.64,69,99,2.48
250,Egvekinot,RU,2021-05-21 16:47:09,66.3167,-179.1667,270.64,96,100,3.17
251,Sao Filipe,CV,2021-05-21 16:47:09,14.8961,-24.4956,297.23,69,18,1.42
252,Marawi,PH,2021-05-21 16:47:10,7.9986,124.2928,294.07,90,59,0.53
253,Paidha,UG,2021-05-21 16:47:10,2.4167,30.9855,290.73,90,27,2.18
254,Dovbysh,UA,2021-05-21 16:47:11,50.3733,27.9874,285.9,78,75,2.24
255,Souillac,MU,2021-05-21 16:47:11,-20.5167,57.5167,296.36,74,75,9.12
256,Itagi,BR,2021-05-21 16:47:12,-14.1628,-40.0061,305.12,35,6,2.45
257,Bogotol,RU,2021-05-21 16:47:13,56.2078,89.5342,277.75,57,100,2.3
258,Port Hawkesbury,CA,2021-05-21 16:47:13,45.6169,-61.3485,298.2,43,1,2.57
259,Prainha,BR,2021-05-21 16:47:14,-1.8,-53.48,302.31,72,43,1.63
260,Lerik,AZ,2021-05-21 16:47:15,38.7726,48.4128,287.95,60,3,2.58
261,Ahipara,NZ,2021-05-21 16:47:15,-35.1667,173.1667,287.65,85,100,5.15
262,Itaituba,BR,2021-05-21 16:47:16,-4.2761,-55.9836,307.24,55,40,4.63
263,Kaitangata,NZ,2021-05-21 16:47:16,-46.2817,169.8464,279.78,89,52,3.0
264,Veraval,IN,2021-05-21 16:47:17,20.9,70.3667,301.26,83,5,4.52
265,Bengkulu,ID,2021-05-21 16:47:17,-3.8004,102.2655,297.72,92,50,1.66
266,Rantepao,ID,2021-05-21 16:47:18,-2.9701,119.8978,292.75,88,100,1.04
267,Ponte Nova,BR,2021-05-21 16:47:18,-20.4164,-42.9086,302.18,38,9,1.75
268,Caravelas,BR,2021-05-21 16:47:19,-17.7125,-39.2481,300.64,59,5,4.17
269,Tura,IN,2021-05-21 16:45:17,25.5198,90.2201,297.31,89,0,0.95
270,Nanortalik,GL,2021-05-21 16:47:20,60.1432,-45.2371,274.24,90,100,10.5
271,San Patricio,US,2021-05-21 16:47:21,28.017,-97.5169,302.6,68,100,3.55
272,Itupiranga,BR,2021-05-21 16:48:21,-5.1347,-49.3267,307.33,55,82,1.27
273,Niamey,NE,2021-05-21 16:48:22,13.5137,2.1098,315.31,13,40,1.03
274,Lewisporte,CA,2021-05-21 16:48:22,49.2499,-55.0482,294.99,60,87,2.28
275,Ponta Delgada,PT,2021-05-21 16:48:23,37.7333,-25.6667,290.55,63,20,6.69
276,Banyo,CM,2021-05-21 16:48:23,6.75,11.8167,293.61,94,60,2.56
277,Creel,MX,2021-05-21 16:48:24,27.75,-107.6333,293.73,19,100,5.46
278,Medicine Hat,CA,2021-05-21 16:48:25,50.0501,-110.6683,274.38,88,90,0.45
279,Key West,US,2021-05-21 16:48:25,24.5557,-81.7826,300.37,60,20,9.26
280,Omsukchan,RU,2021-05-21 16:48:26,62.5333,155.8,271.5,97,100,1.62
281,Padang,ID,2021-05-21 16:48:26,-0.9492,100.3543,299.18,84,55,1.78
282,Goderich,CA,2021-05-21 16:48:27,43.7501,-81.7165,299.33,41,100,6.17
283,Zacatecas,MX,2021-05-21 16:45:40,23.0,-103.0,294.4,22,1,1.49
284,Hermiston,US,2021-05-21 16:48:28,45.8404,-119.2895,288.82,47,20,4.12
285,Pisco,PE,2021-05-21 16:48:28,-13.7,-76.2167,293.16,77,38,5.14
286,Ruston,US,2021-05-21 16:48:29,32.5232,-92.6379,296.95,83,90,3.09
287,Namibe,AO,2021-05-21 16:48:29,-15.1961,12.1522,296.22,70,0,4.94
288,Nadym,RU,2021-05-21 16:48:30,65.5333,72.5167,291.39,61,29,3.49
289,Danielskuil,ZA,2021-05-21 16:48:30,-28.1887,23.5395,282.2,45,81,3.33
290,Carnarvon,AU,2021-05-21 16:48:31,-24.8667,113.6333,288.19,88,22,2.57
291,Pitimbu,BR,2021-05-21 16:48:31,-7.4706,-34.8086,302.48,66,36,4.8
292,Ostrovnoy,RU,2021-05-21 16:48:32,68.0531,39.5131,275.93,97,100,7.61
293,Bavly,RU,2021-05-21 16:45:21,54.393,53.2602,290.04,69,53,2.71
294,Pergamino,AR,2021-05-21 16:48:12,-33.89,-60.5736,285.88,90,100,3.58
295,Tuatapere,NZ,2021-05-21 16:48:33,-46.1333,167.6833,278.55,85,82,2.56
296,Aklavik,CA,2021-05-21 16:48:34,68.2191,-135.0107,284.61,43,20,3.6
297,Yulara,AU,2021-05-21 16:48:34,-25.2406,130.9889,286.06,44,0,3.09
298,Kamiiso,JP,2021-05-21 16:48:35,41.8167,140.65,284.8,98,100,3.32
299,Singaraja,ID,2021-05-21 16:48:35,-8.112,115.0882,299.28,81,83,2.12
300,Saint George,US,2021-05-21 16:45:18,37.1041,-113.5841,295.41,17,1,3.58
301,Vrangel,RU,2021-05-21 16:48:37,42.7297,133.0839,284.06,81,99,1.07
302,De Land,US,2021-05-21 16:44:27,29.0283,-81.3031,302.72,57,90,8.23
303,Marathon,US,2021-05-21 16:48:37,44.9,-89.7668,293.89,92,90,0.45
304,Novocheboksarsk,RU,2021-05-21 16:48:38,56.111,47.4776,292.46,59,40,6.0
305,Marabba,SD,2021-05-21 16:48:39,12.35,32.1833,311.07,10,85,0.09
306,Vao,NC,2021-05-21 16:48:39,-22.6667,167.4833,295.14,70,62,8.05
307,Midland,US,2021-05-21 16:48:40,31.9974,-102.0779,300.64,61,1,9.77
308,Mandalgovi,MN,2021-05-21 16:48:40,45.7625,106.2708,287.42,23,82,7.21
309,Trincomalee,LK,2021-05-21 16:47:10,8.5711,81.2335,301.31,77,98,8.48
310,Mustasaari,FI,2021-05-21 16:48:41,63.1142,21.6822,276.67,93,90,8.23
311,Krasnyy Kut,RU,2021-05-21 16:48:41,50.95,46.9667,296.23,42,100,6.81
312,Aban,RU,2021-05-21 16:48:42,56.67,96.06,276.64,79,56,1.74
313,Mongo,TD,2021-05-21 16:48:43,12.1844,18.693,307.86,29,89,2.12
314,Carmarthen,GB,2021-05-21 16:48:43,51.8555,-4.3054,284.11,95,75,6.33
315,Launceston,AU,2021-05-21 16:48:44,-41.45,147.1667,281.95,93,90,1.59
316,Vardo,NO,2021-05-21 16:48:44,70.3705,31.1107,275.01,93,90,6.69
317,Omboue,GA,2021-05-21 16:48:45,-1.5746,9.2618,298.99,89,94,3.85
318,Ust-Barguzin,RU,2021-05-21 16:48:45,53.45,108.9833,273.87,96,100,0.56
319,Senador Jose Porfirio,BR,2021-05-21 16:48:46,-2.5908,-51.9542,300.61,85,31,0.98
320,Amapa,BR,2021-05-21 16:48:46,1.0,-52.0,299.69,92,56,1.56
321,Rundu,NA,2021-05-21 16:49:47,-17.9333,19.7667,293.38,27,0,2.57
322,Ahuimanu,US,2021-05-21 16:49:47,21.4447,-157.8378,296.4,64,20,4.12
323,Yaring,TH,2021-05-21 16:49:48,6.8662,101.3689,299.28,83,100,3.58
324,Aragats,AM,2021-05-21 16:49:49,40.4889,44.3528,294.91,47,25,2.5
325,Rawson,AR,2021-05-21 16:49:49,-43.3002,-65.1023,285.83,83,100,3.1
326,Abha,SA,2021-05-21 16:49:50,18.2164,42.5053,298.05,39,20,1.77
327,Meulaboh,ID,2021-05-21 16:49:50,4.1363,96.1285,299.15,83,100,1.14
328,Yangambi,CD,2021-05-21 16:49:51,0.8102,24.4336,299.92,69,83,0.02
329,Mahon,ES,2021-05-21 16:49:51,39.8885,4.2658,293.46,60,0,6.17
330,The Valley,AI,2021-05-21 16:49:52,18.217,-63.0578,304.07,71,65,6.8
331,Ilulissat,GL,2021-05-21 16:49:53,69.2167,-51.1,274.16,75,75,5.14
332,Mendi,PG,2021-05-21 16:49:53,-6.1761,143.6513,285.92,99,99,0.43
333,Eidsvag,NO,2021-05-21 16:49:54,62.7767,8.0668,287.18,69,92,1.5
334,Sokna,NO,2021-05-21 16:49:55,60.24,9.9235,288.99,53,69,2.79
335,Chernyshevskiy,RU,2021-05-21 16:49:55,63.0128,112.4714,276.26,52,83,2.34
336,Sukhobuzimskoye,RU,2021-05-21 16:49:56,56.5,93.2728,277.95,65,46,2.39
337,Vila Franca Do Campo,PT,2021-05-21 16:49:56,37.7167,-25.4333,290.38,59,100,4.16
338,Dongli,CN,2021-05-21 16:49:57,23.5656,116.8194,302.14,85,20,2.78
339,Harihar,IN,2021-05-21 16:49:58,14.5167,75.8,297.51,81,53,5.74
340,Naze,JP,2021-05-21 16:49:58,28.3667,129.4833,293.27,87,100,2.47
341,Presidencia Roque Saenz Pena,AR,2021-05-21 16:49:59,-26.7852,-60.4388,300.54,61,50,6.48
342,Bandundu,CD,2021-05-21 16:49:59,-3.3167,17.3667,301.28,59,56,1.37
343,Jinchang,CN,2021-05-21 16:50:00,38.4953,102.1739,288.39,40,100,8.08
344,Millinocket,US,2021-05-21 16:50:01,45.6573,-68.7098,299.49,56,1,3.09
345,Madawaska,US,2021-05-21 16:50:01,47.3561,-68.3288,301.75,44,20,2.06
346,Roald,NO,2021-05-21 16:50:02,62.5833,6.1333,287.68,71,20,7.2
347,Krasnoye,UA,2021-05-21 16:50:08,49.9145,24.6134,291.79,75,53,3.52
348,Palmerston,AU,2021-05-21 16:50:09,-12.486,130.9833,298.14,59,26,2.63
349,Faanui,PF,2021-05-21 16:50:09,-16.4833,-151.75,300.78,72,30,6.19
350,Sur,OM,2021-05-21 16:50:10,22.5667,59.5289,306.69,45,2,2.61
351,Laguna,US,2021-05-21 16:49:00,38.421,-121.4238,292.65,38,1,3.58
352,Lorengau,PG,2021-05-21 16:50:11,-2.0226,147.2712,299.88,79,77,1.91
353,Ust-Tsilma,RU,2021-05-21 16:50:11,65.441,52.1498,295.02,52,23,4.09
354,Itamaraca,BR,2021-05-21 16:50:12,-7.7478,-34.8256,302.53,62,25,4.23
355,Booue,GA,2021-05-21 16:50:12,-0.0921,11.9385,297.96,94,94,0.87
356,Rorvik,NO,2021-05-21 16:50:13,64.8621,11.2373,286.21,58,0,6.17
357,Gigmoto,PH,2021-05-21 16:50:13,13.7796,124.39,299.93,84,16,2.34
358,Neiafu,TO,2021-05-21 16:50:14,-18.65,-173.9833,299.53,94,75,4.12
359,Kudahuvadhoo,MV,2021-05-21 16:50:14,2.6708,72.8944,302.4,71,20,5.52
360,Grand Gaube,MU,2021-05-21 16:50:15,-20.0064,57.6608,296.37,69,77,2.24
361,Port Hedland,AU,2021-05-21 16:50:16,-20.3167,118.5667,292.18,48,0,3.6
362,Shumskiy,RU,2021-05-21 16:50:16,54.8318,99.1328,274.59,67,64,2.0
363,Nusaybin,TR,2021-05-21 16:50:17,37.0778,41.2178,305.51,12,1,2.82
364,Saint Anthony,US,2021-05-21 16:50:18,45.0205,-93.218,297.23,92,75,0.89
365,Coihaique,CL,2021-05-21 16:51:18,-45.5752,-72.0662,279.49,93,90,0.0
366,Luanda,AO,2021-05-21 16:51:19,-8.8368,13.2343,300.15,78,20,4.12
367,Novobirilyussy,RU,2021-05-21 16:51:20,56.9514,90.6661,277.86,65,100,2.03
368,Nowogard,PL,2021-05-21 16:50:52,53.6744,15.1163,289.48,78,40,5.27
369,Ayan,RU,2021-05-21 16:51:21,56.45,138.1667,274.19,85,99,3.76
370,Coahuayana,MX,2021-05-21 16:51:21,18.7333,-103.6833,304.9,31,9,3.06
371,Yulin,CN,2021-05-21 16:51:22,22.6333,110.15,299.8,92,99,5.39
372,Wilmington,US,2021-05-21 16:50:34,34.2257,-77.9447,301.45,54,20,4.63
373,Lerwick,GB,2021-05-21 16:51:23,60.1545,-1.1494,281.15,61,100,7.74
374,Regina,CA,2021-05-21 16:50:12,50.4501,-104.6178,275.95,92,90,6.69
375,Calais,FR,2021-05-21 16:49:07,50.9167,1.8333,288.71,74,2,16.23
376,Grimstad,NO,2021-05-21 16:51:25,58.3405,8.5934,283.58,93,98,5.47
377,Manta,EC,2021-05-21 16:51:25,-0.95,-80.7333,299.03,78,75,7.2
378,Road Town,VG,2021-05-21 16:49:56,18.4167,-64.6167,303.26,66,20,5.14
379,Sioux Lookout,CA,2021-05-21 16:49:54,50.1001,-91.917,287.36,94,90,3.09
380,Balgazyn,RU,2021-05-21 16:51:27,51.0,95.2,271.07,90,99,1.69
381,Tiarei,PF,2021-05-21 16:51:27,-17.5333,-149.3333,297.16,73,28,5.6
382,Trairi,BR,2021-05-21 16:49:27,-3.2778,-39.2689,302.89,63,32,5.16
383,Newcastle,AU,2021-05-21 16:51:28,-32.9272,151.7765,287.43,81,22,2.24
384,High Rock,BS,2021-05-21 16:51:29,26.6208,-78.2833,299.16,59,20,9.87
385,Mbandaka,CD,2021-05-21 16:51:29,0.0487,18.2603,299.85,72,56,1.58
386,Albanel,CA,2021-05-21 16:51:30,48.8832,-72.4487,296.14,73,100,2.57
387,Promyshlennyy,RU,2021-05-21 16:51:30,67.5833,63.9167,287.43,79,11,3.24
388,Tual,ID,2021-05-21 16:51:31,-5.6667,132.75,300.88,81,78,8.35
389,Tiznit,MA,2021-05-21 16:51:31,29.5833,-9.5,307.79,17,47,4.1
390,Eston,CA,2021-05-21 16:51:32,51.1501,-108.7514,276.22,69,100,4.13
391,Pedasi,PA,2021-05-21 16:51:32,7.5333,-80.0333,301.17,66,65,3.41
392,Narino,CO,2021-05-21 16:51:33,5.6089,-75.1766,299.49,61,39,2.02
393,Tumen,CN,2021-05-21 16:51:33,42.9661,129.8425,285.79,76,89,0.98
394,Jalu,LY,2021-05-21 16:51:34,29.0331,21.5482,305.16,18,3,6.05
395,Noumea,NC,2021-05-21 16:46:45,-22.2763,166.4572,295.93,99,63,5.04
396,Boyolangu,ID,2021-05-21 16:51:35,-8.1181,111.8935,297.25,93,55,1.26
397,Huarmey,PE,2021-05-21 16:51:35,-10.0681,-78.1522,294.48,69,10,5.65
398,Turan,VN,2021-05-21 16:49:01,16.0678,108.2208,303.18,79,20,0.0
399,Nouakchott,MR,2021-05-21 16:48:55,18.0858,-15.9785,295.11,80,22,6.13
400,Hervey Bay,AU,2021-05-21 16:51:37,-25.2986,152.8535,289.84,72,53,6.68
401,Karasjok,NO,2021-05-21 16:51:37,69.4719,25.5112,276.21,89,100,7.76
402,Geraldton,AU,2021-05-21 16:51:38,-28.7667,114.6,287.38,79,100,4.19
403,Nanakuli,US,2021-05-21 16:51:38,21.3906,-158.1547,296.54,70,1,5.62
404,Aktau,KZ,2021-05-21 16:51:39,43.65,51.2,298.47,44,0,4.7
405,Alekseyevka,RU,2021-05-21 16:49:17,50.6309,38.6903,286.01,88,100,4.56
406,Mahebourg,MU,2021-05-21 16:51:40,-20.4081,57.7,296.31,64,75,7.72
407,Kassala,SD,2021-05-21 16:51:40,15.451,36.4,311.4,8,62,4.13
408,Makakilo City,US,2021-05-21 16:51:41,21.3469,-158.0858,295.75,73,1,2.57
409,Winslow,US,2021-05-21 16:51:41,35.0242,-110.6974,291.25,39,75,14.92
410,Swellendam,ZA,2021-05-21 16:51:42,-34.0226,20.4417,285.36,78,95,1.03
411,Strezhevoy,RU,2021-05-21 16:52:42,60.7333,77.5889,285.14,91,97,3.75
412,Fairburn,US,2021-05-21 16:51:58,33.5671,-84.581,301.42,37,75,4.64
413,Osorno,CL,2021-05-21 16:52:43,-40.5667,-73.15,284.32,82,75,4.63
414,Ati,TD,2021-05-21 16:52:44,13.2154,18.3353,310.61,22,75,2.82
415,Valparaiso,CL,2021-05-21 16:50:05,-33.0393,-71.6273,289.95,58,20,0.0
416,Torit,SS,2021-05-21 16:52:45,4.4133,32.5678,297.41,80,90,3.31
417,Port Lincoln,AU,2021-05-21 16:52:45,-34.7333,135.8667,288.65,46,6,2.94
418,Hambantota,LK,2021-05-21 16:52:46,6.1241,81.1185,300.06,83,100,6.0
419,Ewo,CG,2021-05-21 16:52:46,-0.8725,14.8206,296.55,93,99,1.88
420,Myitkyina,MM,2021-05-21 16:52:47,25.3833,97.4,297.85,91,44,1.28
421,Sibolga,ID,2021-05-21 16:52:48,1.7427,98.7792,298.46,89,98,1.64
422,Les Cayes,HT,2021-05-21 16:52:48,18.2,-73.75,303.78,54,95,5.79
423,Mwense,ZM,2021-05-21 16:52:49,-10.3845,28.698,293.22,52,21,2.31
424,Ondjiva,AO,2021-05-21 16:52:49,-17.0667,15.7333,295.52,25,0,2.07
425,Laiya,PH,2021-05-21 16:52:50,13.675,121.3903,299.31,92,24,1.02
426,Chuguyevka,RU,2021-05-21 16:52:50,44.1653,133.8633,284.46,65,100,1.37
427,Basco,PH,2021-05-21 16:52:51,20.4487,121.9702,301.47,84,32,5.42
428,Smithers,CA,2021-05-21 16:52:51,54.7804,-127.1743,282.33,66,20,1.54
429,Chabahar,IR,2021-05-21 16:52:52,25.2919,60.643,304.18,67,2,3.0
430,Christiana,ZA,2021-05-21 16:52:53,-27.914,25.1611,284.71,39,80,3.2
431,Batagay,RU,2021-05-21 16:52:53,67.6333,134.6333,273.18,75,100,2.37
432,Hasaki,JP,2021-05-21 16:52:54,35.7333,140.8333,293.81,86,100,12.39
433,Ketchikan,US,2021-05-21 16:52:54,55.3422,-131.6461,284.49,66,100,2.13
434,Coquimbo,CL,2021-05-21 16:52:55,-29.9533,-71.3436,292.0,64,20,4.3
435,Vilyuysk,RU,2021-05-21 16:52:55,63.7553,121.6247,274.5,84,64,1.67
436,Kpandae,GH,2021-05-21 16:52:56,8.4689,-0.0113,307.98,38,99,3.64
437,Lata,PT,2021-05-21 16:52:56,40.1629,-8.3327,293.73,64,98,4.8
438,Palmer,US,2021-05-21 16:52:57,42.1584,-72.3287,301.18,35,20,0.89
439,Kurumkan,RU,2021-05-21 16:52:57,54.3,110.3,275.66,92,100,1.12
440,Bacolod,PH,2021-05-21 16:52:58,10.6667,122.95,299.05,87,99,0.43
441,Qaqortoq,GL,2021-05-21 16:52:59,60.7167,-46.0333,274.2,85,100,13.9
442,Langres,FR,2021-05-21 16:52:59,47.8333,5.3333,285.74,82,100,6.31
443,Sakakah,SA,2021-05-21 16:53:00,29.9697,40.2064,312.91,6,0,3.21
444,Balingasay,PH,2021-05-21 16:53:00,16.3573,119.8564,301.7,76,94,1.25
445,Pagudpud,PH,2021-05-21 16:53:01,18.5616,120.7868,300.47,83,66,1.02
446,Kenai,US,2021-05-21 16:53:01,60.5544,-151.2583,282.61,69,90,2.41
447,Ixtapa,MX,2021-05-21 16:53:02,20.7,-105.2,301.05,68,100,1.79
448,Olafsvik,IS,2021-05-21 16:53:02,64.8945,-23.7142,278.7,42,0,3.32
449,Suna,RU,2021-05-21 16:53:03,57.8338,50.0588,288.17,83,35,3.93
450,Dalian,CN,2021-05-21 16:53:03,38.9122,121.6022,291.11,72,0,2.0
451,Sapernoye,RU,2021-05-21 16:53:04,60.7167,29.9505,284.37,82,89,5.36
452,Persan,FR,2021-05-21 16:53:04,49.15,2.2667,290.53,70,20,8.14
453,Kahului,US,2021-05-21 16:53:05,20.8947,-156.47,296.95,83,40,6.17
454,Guarapari,BR,2021-05-21 16:53:05,-20.6667,-40.4975,302.09,66,29,2.13
455,Tete,MZ,2021-05-21 16:53:06,-16.1564,33.5867,311.2,20,20,1.03
456,Farsund,NO,2021-05-21 16:53:07,58.0948,6.8047,285.4,86,68,7.51
457,Corrente,BR,2021-05-21 16:53:07,-3.7367,-43.3394,305.91,48,63,1.92
458,Umm Lajj,SA,2021-05-21 16:53:08,25.0213,37.2685,303.27,58,72,3.52
459,Chandrakona,IN,2021-05-21 16:53:08,22.7333,87.5167,302.92,70,54,6.34
460,Klaksvik,FO,2021-05-21 16:54:09,62.2266,-6.589,277.66,85,99,9.05
461,Roma,US,2021-05-21 16:54:03,43.2128,-75.4557,303.05,65,97,1.92
462,Pandamatenga,BW,2021-05-21 16:54:10,-18.5278,25.627,291.96,33,0,1.0
463,Jinxi,CN,2021-05-21 16:54:10,30.4323,116.2922,290.93,90,100,1.37
464,Tupik,RU,2021-05-21 16:54:11,54.4253,119.9327,268.72,97,100,1.65
465,Salasu De Sus,RO,2021-05-21 16:54:11,45.5167,22.95,287.04,75,57,0.84
466,West Wendover,US,2021-05-21 16:51:32,40.7391,-114.0733,283.71,50,1,3.6
467,Trindade,BR,2021-05-21 16:54:12,-16.6494,-49.4889,303.01,27,7,2.37
468,Hami,CN,2021-05-21 16:54:13,42.8,93.45,288.07,14,88,9.39
469,Tsaratanana,MG,2021-05-21 16:54:13,-16.7833,47.65,292.52,72,0,4.83
470,Bilibino,RU,2021-05-21 16:54:14,68.0546,166.4372,272.57,98,100,0.53
471,Gizo,SB,2021-05-21 16:54:14,-8.103,156.8419,300.95,77,84,2.93
472,Isla Vista,US,2021-05-21 16:54:15,34.4133,-119.861,294.08,54,2,2.68
473,Imeni Zhelyabova,RU,2021-05-21 16:54:15,58.9544,36.5956,284.36,79,55,2.29
474,Partapur,IN,2021-05-21 16:54:16,23.6,74.1667,306.14,33,0,5.95
475,Timmins,CA,2021-05-21 16:54:16,48.4669,-81.3331,300.05,43,90,6.27
476,Shitanjing,CN,2021-05-21 16:54:17,39.2342,106.3439,293.39,25,59,1.54
477,Najran,SA,2021-05-21 16:54:17,17.4924,44.1277,305.51,14,3,3.32
478,Sydney,AU,2021-05-21 16:52:35,-33.8679,151.2073,284.59,89,0,0.45
479,Saint-Joseph,RE,2021-05-21 16:54:18,-21.3667,55.6167,295.35,74,48,7.24
480,Maragogi,BR,2021-05-21 16:53:43,-9.0122,-35.2225,300.78,70,32,4.21
481,Norton,ZW,2021-05-21 16:54:19,-17.8833,30.7,282.09,40,1,1.01
482,Sao Joao Da Barra,BR,2021-05-21 16:54:20,-21.6403,-41.0511,302.2,67,45,3.25
483,Praia Da Vitoria,PT,2021-05-21 16:54:20,38.7333,-27.0667,291.35,59,20,5.22
484,Bhunya,SZ,2021-05-21 16:54:21,-26.55,31.0167,285.95,83,14,1.83
485,Kieta,PG,2021-05-21 16:54:21,-6.2167,155.6333,299.01,84,71,1.27
486,Lang Son,VN,2021-05-21 16:54:22,21.8333,106.7333,298.52,90,80,1.99
487,Pangkalanbuun,ID,2021-05-21 16:54:22,-2.6833,111.6167,297.06,97,88,1.16
488,Sept-Iles,CA,2021-05-21 16:54:23,50.2001,-66.3821,289.44,67,75,0.45
489,Progreso,MX,2021-05-21 16:54:23,21.2833,-89.6667,304.21,63,93,3.52
490,Ambovombe,MG,2021-05-21 16:54:24,-25.1667,46.0833,293.74,62,59,3.53
491,Wajir,KE,2021-05-21 16:54:24,1.7471,40.0573,304.13,48,0,2.06
492,Klyavlino,RU,2021-05-21 16:54:25,54.2649,52.0267,289.93,72,52,2.59
493,Bull Savanna,JM,2021-05-21 16:54:25,17.8868,-77.5902,302.72,53,100,8.1
494,Charters Towers,AU,2021-05-21 16:54:26,-20.1,146.2667,288.46,78,62,3.92
495,Sibu,MY,2021-05-21 16:50:17,2.3,111.8167,299.32,94,40,0.45
496,Dondo,MZ,2021-05-21 16:54:27,-19.6094,34.7431,297.88,80,1,3.56
497,Kuna,US,2021-05-21 16:50:34,43.4918,-116.4201,284.86,67,1,0.89
498,Mount Gambier,AU,2021-05-21 16:54:28,-37.8333,140.7667,283.1,76,1,4.63
499,Nagato,JP,2021-05-21 16:54:28,34.3833,131.2,291.1,86,65,5.36
500,Viedma,AR,2021-05-21 16:54:29,-40.8135,-62.9967,284.64,83,100,2.78
501,Tak,TH,2021-05-21 16:54:29,16.5833,98.8333,294.57,96,68,1.37
502,Los Llanos De Aridane,ES,2021-05-21 16:54:30,28.6585,-17.9182,296.01,60,0,8.4
503,Belaya Gora,RU,2021-05-21 16:54:30,68.5333,146.4167,273.03,75,75,2.48
504,Poum,NC,2021-05-21 16:54:31,-20.2333,164.0167,296.52,61,1,8.45
505,Sao Gabriel Da Cachoeira,BR,2021-05-21 16:54:32,-0.1303,-67.0892,303.04,61,40,1.32
506,Komsomolskiy,UZ,2021-05-21 16:54:32,40.4272,71.7189,296.55,25,85,3.09
507,Zeya,RU,2021-05-21 16:54:33,53.75,127.2667,279.68,91,100,1.68
508,Garcia,MX,2021-05-21 16:54:33,25.8167,-100.5833,303.66,41,1,3.21
509,Auki,SB,2021-05-21 16:54:34,-8.7676,160.7034,298.07,88,90,1.42
510,Shubarshi,KZ,2021-05-21 16:55:34,48.5872,57.1869,295.25,40,45,3.37
511,Yamada,JP,2021-05-21 16:55:35,39.4667,141.95,286.62,99,100,3.16
512,Togur,RU,2021-05-21 16:55:35,58.3631,82.8265,279.5,93,100,2.68
513,Porto Walter,BR,2021-05-21 16:55:36,-8.2686,-72.7439,300.43,83,97,0.93
514,Ormond Beach,US,2021-05-21 16:55:36,29.2858,-81.0559,302.14,67,75,5.14
515,Khilok,RU,2021-05-21 16:55:37,51.3674,110.4676,275.73,95,100,1.33
516,Dunedin,NZ,2021-05-21 16:53:36,-45.8742,170.5036,280.82,63,15,0.89
517,Luunja,EE,2021-05-21 16:55:38,58.3558,26.8808,286.16,70,40,5.49
518,Salekhard,RU,2021-05-21 16:55:38,66.53,66.6019,294.77,49,38,3.64
519,Cockburn Town,TC,2021-05-21 16:55:39,21.4612,-71.1419,299.13,69,75,7.2
520,Jiujiang,CN,2021-05-21 16:55:39,29.7333,115.9833,290.76,91,100,0.83
521,Moissala,TD,2021-05-21 16:55:40,8.3404,17.7663,300.28,63,63,2.79
522,Darnah,LY,2021-05-21 16:55:40,32.767,22.6367,292.14,67,4,8.47
523,Moscow,RU,2021-05-21 16:50:44,55.7522,37.6156,288.44,61,82,1.96
524,Peniche,PT,2021-05-21 16:55:41,39.3558,-9.3811,295.24,74,96,7.61
525,San Cristobal,VE,2021-05-21 16:55:42,7.7669,-72.225,301.25,50,86,3.84
526,Camana,PE,2021-05-21 16:55:43,-16.6228,-72.7111,293.07,76,34,6.53
527,Avera,US,2021-05-21 16:55:44,33.194,-82.5271,302.56,37,57,4.48
528,Ellensburg,US,2021-05-21 16:51:55,46.9965,-120.5479,289.4,58,1,4.47
529,Grand Island,US,2021-05-21 16:55:44,40.925,-98.342,293.03,71,97,9.34
530,Salme,NP,2021-05-21 16:55:45,28.0369,85.0942,292.31,84,45,1.46
531,Vostok,RU,2021-05-21 16:55:46,46.4856,135.8833,283.88,83,97,1.57
532,Paraje Nuevo,MX,2021-05-21 16:55:46,18.8708,-96.8667,302.17,54,12,2.11
533,Azul,AR,2021-05-21 16:55:47,-36.777,-59.8585,285.85,91,100,2.97
534,Inverell,AU,2021-05-21 16:55:48,-29.7833,151.1167,282.13,81,2,0.89
535,Latung,PH,2021-05-21 16:55:48,5.5,120.8833,301.46,78,99,7.5
536,Magangue,CO,2021-05-21 16:55:49,9.242,-74.7547,304.8,65,100,2.66
537,Balkanabat,TM,2021-05-21 16:55:50,39.5108,54.3671,307.91,17,0,3.69
538,Chaparral,CO,2021-05-21 16:55:50,3.7232,-75.4832,301.9,59,21,2.19
539,Maniitsoq,GL,2021-05-21 16:55:51,65.4167,-52.9,276.08,85,100,8.53
540,Yaan,NG,2021-05-21 16:55:51,7.3833,8.5667,304.99,51,58,4.44
541,Puerto Escondido,MX,2021-05-21 16:55:52,15.85,-97.0667,304.59,55,0,2.63
542,Majene,ID,2021-05-21 16:55:53,-3.5403,118.9707,299.4,86,100,1.07
543,Athabasca,CA,2021-05-21 16:55:53,54.7169,-113.2854,280.61,54,50,1.94
544,Puerto Leguizamo,CO,2021-05-21 16:55:54,-0.1934,-74.7819,301.19,77,55,1.7
545,Kiama,AU,2021-05-21 16:54:16,-34.6833,150.8667,282.91,87,1,0.45
546,Sola,VU,2021-05-21 16:55:54,-13.8833,167.55,299.99,74,72,7.69
547,North Bend,US,2021-05-21 16:55:55,43.4065,-124.2243,287.58,81,90,1.54
548,Numan,NG,2021-05-21 16:55:56,9.4667,12.0333,308.62,38,29,1.91
549,Xuddur,SO,2021-05-21 16:55:56,4.1213,43.8894,301.25,50,100,6.71
550,Prince Rupert,CA,2021-05-21 16:55:57,54.3161,-130.3201,282.98,93,1,1.03
551,Yumen,CN,2021-05-21 16:55:57,40.2833,97.2,286.02,50,100,3.94
552,Aasiaat,GL,2021-05-21 16:55:58,68.7098,-52.8699,273.69,76,100,6.21
553,Likasi,CD,2021-05-21 16:55:08,-10.9814,26.7333,290.14,59,10,0.76
554,Rocha,UY,2021-05-21 16:56:59,-34.4833,-54.3333,290.47,72,100,7.36
555,Gravelbourg,CA,2021-05-21 16:56:59,49.8834,-106.5512,273.3,94,100,6.57
